key,year,title,authors,venue,doi,cited_by,strand,role_in_paper,evidence
jonas2019,2019,Cloud Programming Simplified: A Berkeley View on Serverless Computing,"Jonas, Eric; Schleier-Smith, Johann; Sreekanti, Vikram; Tsai, Chia-Che; Khandelwal, Anurag; Qifan Pu",arXiv (Cornell University),10.4230/oasics.microservices.2020-2022.5,420.0,serverless architecture,Canonical framing of serverless; Background,existence + metadata verified; abstract not retrieved
castro2019,2019,The rise of serverless computing,Paul Castro; Vatche Ishakian; Vinod Muthusamy; Aleksander Slominski,Communications of the ACM,10.1145/3368454,342.0,serverless architecture,Background on the serverless model,existence + metadata verified; abstract not retrieved
baldini2017,2017,Serverless Computing: Current Trends and Open Problems,Ioana Baldini; Paul Castro; Kerry Shih-Ping Chang; Perry C. Cheng; Stephen J. Fink; Vatche Ishakian,,10.1007/978-981-10-5026-8_1,642.0,serverless architecture,Early platform and trend survey,existence + metadata verified; abstract not retrieved
shafiei2022,2022,"Serverless Computing: A Survey of Opportunities, Challenges, and Applications",Hossein Shafiei; Ahmad Khonsari; Payam Mousavi,ACM Computing Surveys,10.1145/3510611,268.0,serverless architecture,Recent survey; Background,existence + metadata verified; abstract not retrieved
leitner2019,2018,A mixed-method empirical study of Function-as-a-Service software development in industrial practice,Philipp Leitner; Erik Wittern; Josef Spillner; Waldemar Hummer,Journal of Systems and Software,10.1016/j.jss.2018.12.013,126.0,serverless architecture,Empirical study of FaaS development in practice,existence + metadata verified; abstract not retrieved
adzic2017,2017,Serverless computing: economic and architectural impact,Gojko Adzic; Robert Chatley,,10.1145/3106237.3117767,207.0,serverless architecture,Architectural and economic impact,existence + metadata verified; abstract not retrieved
wen2021fse,2021,An empirical study on challenges of application development in serverless computing,Jinfeng Wen; Zhenpeng Chen; Yi Liu; Yiling Lou; Yun Ma; Gang Huang,,10.1145/3468264.3468558,75.0,serverless architecture,Developer-reported challenges; may bear on event triggers,existence + metadata verified; abstract not retrieved; claim about triggers NOT checked
raza2021,2021,SoK: Function-As-A-Service: From An Application Developer’s Perspective,Ali Raza; Ibrahim Matta; Nabeel Akhtar; Vasiliki Kalavri; Vatche Isahagian,Journal of Systems Research,10.5070/sr31154815,15.0,serverless architecture,Developer-perspective SoK,existence + metadata verified; abstract not retrieved
scheuner2020,2020,Function-as-a-Service performance evaluation: A multivocal literature review,Joel Scheuner; Philipp Leitner,Journal of Systems and Software,10.1016/j.jss.2020.110708,106.0,serverless architecture,Multivocal review of FaaS performance evaluation,abstract read
shahrad2020,2020,Serverless in the Wild: Characterizing and Optimizing the Serverless Workload at a Large Cloud Provider,Mohammad Shahrad; Rodrigo Fonseca; Íñigo Goiri; Gohar Irfan Chaudhry; Paul Batum; Jason Cooke,arXiv (Cornell University),10.48550/arxiv.2003.03423,239.0,serverless architecture,Workload characterisation at a large provider,existence + metadata verified; abstract not retrieved; published venue not in record
agache2020,2020,Firecracker: Lightweight virtualization for serverless applications,Alexandru Agache; Marc Brooker; Alexandra Iordache; Anthony Liguori; Rolf Neugebauer; Phil Piwonka,,,197.0,serverless architecture,Isolation technology behind first-generation platforms,existence verified; venue and DOI absent from record
schirmer2026,2026,New Kids: An Architecture and Performance Investigation of Second-Generation Serverless Platforms,Trever Schirmer; Aris Wiegand; Lucca di Benedetto; Linus Gustafsson; Natalie Carl; Tobias Pfandzelter,ACM Transactions on Internet Technology,10.1145/3841482,0.0,second-generation / edge platforms,"Defines second-generation serverless (isolates, edge deployment); the literature anchor for this paper's 'serverless edge'",abstract read
aslanpour2021,2021,Serverless Edge Computing: Vision and Challenges,Mohammad Sadegh Aslanpour; Adel N. Toosi; Claudio Cicconetti; Bahman Javadi; Peter Sbarski; Davide Taibi,,10.1145/3437378.3444367,215.0,second-generation / edge platforms,Vision paper for serverless at the edge (IoT-oriented sense),existence + metadata verified; abstract not retrieved
xu2021edge,2021,From Cloud to Edge: A First Look at Public Edge Platforms,Mengwei Xu; Zhe Fu; Xiao Ma; Li Zhang; Yanan Li; Feng Qian,arXiv (Cornell University),10.48550/arxiv.2109.03395,7.0,second-generation / edge platforms,Measurement of public edge platforms,"existence verified; abstract NOT retrieved, content unknown beyond the title"
pelle2020,2020,Operating Latency Sensitive Applications on Public Serverless Edge Cloud Platforms,István Pelle; János Czentye; János Dóka; András Kern; Balázs Péter Gerö; Balázs Sonkoly,IEEE Internet of Things Journal,10.1109/jiot.2020.3042428,50.0,second-generation / edge platforms,"Illustrates the IoT/Greengrass sense of 'serverless edge', distinct from isolate-based edge functions",abstract read
cabrera2022,2022,Multi-variant Execution at the Edge,Javier Cabrera-Arteaga; Pierre Laperdrix; Martin Monperrus; Benoît Baudry,,10.1145/3560828.3564007,3.0,second-generation / edge platforms,Wasm services on Fastly's edge; diversification as defence,abstract read
kolosick2022,2022,Isolation without taxation: near-zero-cost transitions for WebAssembly and SFI,Matthew Kolosick; Shravan Narayan; Evan Johnson; Conrad Watt; Michael LeMay; Deepak Garg,Proceedings of the ACM on Programming Languages,10.1145/3498688,13.0,second-generation / edge platforms,States that Fastly and Cloudflare use SFI to co-locate untrusted tenants,abstract read
dypris2021,2021,Dynamic Process Isolation,"Martin Schwarzl; Pietro Borrello; Andreas Kogler; Kenton Varda; Schuster, Thomas; Daniel Gruss",arXiv,10.48550/arxiv.2110.04751,3.0,edge platform security,Cloudflare Workers tenant isolation; Spectre; platform-side threat,abstract read
schwarzl2026,2026,Remote-Timer-as-a-Service: Efficient Microarchitectural Leakage in the Cloud with Remote Timers,Martin Schwarzl; Haocheng Xiao; Albert Pedersen; Sam Ainsworth; Nigel P. Topham,arXiv (Cornell University),10.48550/arxiv.2608.17043,0.0,edge platform security,Remote Spectre attack on production Cloudflare Workers; platform-side threat,abstract read
alzayat2023,2023,Groundhog: Efficient Request Isolation in FaaS,Mohamed Alzayat; Jonathan Mace; Peter Druschel; Deepak Garg,,10.1145/3552326.3567503,16.0,serverless security,Request isolation in FaaS containers,abstract partly retrieved
kelly2021,2021,Denial of wallet—Defining a looming threat to serverless computing,Daniel Kelly; Frank G. Glavin; Enda Barrett,Journal of Information Security and Applications,10.1016/j.jisa.2021.102843,45.0,serverless security,Cost-exploitation attack class; scope boundary,abstract read
xiong2024,2024,Warmonger Attack: A Novel Attack Vector in Serverless Computing,Junjie Xiong; Mingkui Wei; Zhuo Lu; Yao Liu,IEEE/ACM Transactions on Networking,10.1109/tnet.2024.3437432,7.0,serverless security,Serverless-specific attack vector; scope boundary,existence verified; abstract not retrieved
