stage,search_id,database,query,filters,sort,max_requested,api_total,n_returned,note
0_pilot,pilot_ax_devsecops_gates,arXiv,"abs:""DevSecOps"" AND abs:""CI/CD""",none,submittedDate desc,25,,,exploratory; counts not retained; query list recovered from session transcript (may be incomplete at head)
0_pilot,pilot_ax_sast_bench,arXiv,"abs:""static application security testing"" AND abs:benchmark",none,submittedDate desc,25,,,exploratory; counts not retained; query list recovered from session transcript (may be incomplete at head)
0_pilot,pilot_ax_serverless_sec,arXiv,"abs:serverless AND abs:security AND abs:""vulnerability""",none,submittedDate desc,25,,,exploratory; counts not retained; query list recovered from session transcript (may be incomplete at head)
0_pilot,pilot_ax_edge_worker_sec,arXiv,"abs:""edge computing"" AND abs:""serverless"" AND abs:""security""",none,submittedDate desc,25,,,exploratory; counts not retained; query list recovered from session transcript (may be incomplete at head)
0_pilot,pilot_ax_gha_security,arXiv,"abs:""GitHub Actions"" AND abs:security",none,submittedDate desc,25,,,exploratory; counts not retained; query list recovered from session transcript (may be incomplete at head)
0_pilot,pilot_ax_ai_code_vuln,arXiv,"abs:""AI-generated code"" AND abs:vulnerability AND abs:detection",none,submittedDate desc,25,,,exploratory; counts not retained; query list recovered from session transcript (may be incomplete at head)
0_pilot,pilot_oa_incremental_gates,OpenAlex,DevSecOps security gate pipeline overhead empirical evaluation,year_from=2022,relevance,20,,,exploratory; counts not retained; query list recovered from transcript (tail of list)
0_pilot,pilot_oa_cloudflare_workers,OpenAlex,Cloudflare Workers security serverless edge vulnerability,year_from=2022,relevance,20,,,exploratory; counts not retained; query list recovered from transcript (tail of list)
0_pilot,pilot_oa_tool_complementarity,OpenAlex,complementarity static analysis tools vulnerability detection overlap,year_from=2022,relevance,20,,,exploratory; counts not retained; query list recovered from transcript (tail of list)
1_arxiv_sweep1,sw1_devsecops_empirical,arXiv,"abs:""DevSecOps""",none,submittedDate desc,40,36.0,36.0,"(api_total, n_returned) from cell output; 187 unique records after merge"
1_arxiv_sweep1,sw1_pipeline_overhead,arXiv,"abs:""CI/CD"" AND (abs:overhead OR abs:latency) AND abs:security",none,submittedDate desc,40,4.0,4.0,"(api_total, n_returned) from cell output; 187 unique records after merge"
1_arxiv_sweep1,sw1_sast_dast_compare,arXiv,"(abs:SAST OR abs:""static analysis"") AND (abs:DAST OR abs:""dynamic analysis"") AND abs:vulnerability",none,submittedDate desc,40,35.0,35.0,"(api_total, n_returned) from cell output; 187 unique records after merge"
1_arxiv_sweep1,sw1_tool_complementarity,arXiv,"abs:""vulnerability detection"" AND (abs:complementary OR abs:overlap OR abs:ensemble) AND abs:tools",none,submittedDate desc,40,16.0,16.0,"(api_total, n_returned) from cell output; 187 unique records after merge"
1_arxiv_sweep1,sw1_secret_scanning,arXiv,abs:secret AND abs:repository AND abs:detection AND abs:credentials,none,submittedDate desc,40,10.0,10.0,"(api_total, n_returned) from cell output; 187 unique records after merge"
1_arxiv_sweep1,sw1_iac_scanning,arXiv,"abs:""infrastructure as code"" AND abs:security",none,submittedDate desc,40,43.0,40.0,"(api_total, n_returned) from cell output; 187 unique records after merge"
1_arxiv_sweep1,sw1_ground_truth_bench,arXiv,"abs:""vulnerability benchmark"" AND (abs:""ground truth"" OR abs:""false positive"")",none,submittedDate desc,40,2.0,2.0,"(api_total, n_returned) from cell output; 187 unique records after merge"
1_arxiv_sweep1,sw1_faas_cicd,arXiv,"abs:serverless AND abs:""CI/CD""",none,submittedDate desc,40,4.0,4.0,"(api_total, n_returned) from cell output; 187 unique records after merge"
1_arxiv_sweep1,sw1_supply_chain,arXiv,"abs:""software supply chain"" AND (abs:SLSA OR abs:provenance OR abs:SBOM)",none,submittedDate desc,40,65.0,40.0,"(api_total, n_returned) from cell output; 187 unique records after merge"
1_arxiv_sweep1,sw1_shift_left,arXiv,"abs:""shift left"" AND abs:security",none,submittedDate desc,40,6.0,6.0,"(api_total, n_returned) from cell output; 187 unique records after merge"
2_openalex_sweep1,lit_openalex_devsecops_empirical,OpenAlex,DevSecOps empirical evaluation security pipeline,year_from=2022; abstracts on,relevance,50,1227.0,50.0,recency filter later found to omit pre-2022 SAST literature
2_openalex_sweep1,lit_openalex_cicd_gate_overhead,OpenAlex,CI/CD pipeline security gate overhead execution time,year_from=2022; abstracts on,relevance,50,735.0,50.0,recency filter later found to omit pre-2022 SAST literature
2_openalex_sweep1,lit_openalex_sast_benchmark,OpenAlex,static application security testing tool comparison benchmark,year_from=2022; abstracts on,relevance,50,47836.0,50.0,recency filter later found to omit pre-2022 SAST literature
2_openalex_sweep1,lit_openalex_complementarity,OpenAlex,vulnerability detection tools complementarity overlap combination,year_from=2022; abstracts on,relevance,50,2658.0,50.0,recency filter later found to omit pre-2022 SAST literature
2_openalex_sweep1,lit_openalex_secret_scanning,OpenAlex,secret detection tools repository hardcoded credentials,year_from=2022; abstracts on,relevance,50,400.0,50.0,recency filter later found to omit pre-2022 SAST literature
2_openalex_sweep1,lit_openalex_iac_scanning,OpenAlex,infrastructure as code security smells misconfiguration detection,year_from=2022; abstracts on,relevance,50,205.0,50.0,recency filter later found to omit pre-2022 SAST literature
2_openalex_sweep1,lit_openalex_serverless_sec,OpenAlex,serverless computing security vulnerability empirical study,year_from=2022; abstracts on,relevance,50,1677.0,50.0,recency filter later found to omit pre-2022 SAST literature
2_openalex_sweep1,lit_openalex_edge_serverless,OpenAlex,edge computing serverless function security isolation,year_from=2022; abstracts on,relevance,50,2076.0,50.0,recency filter later found to omit pre-2022 SAST literature
2_openalex_sweep1,lit_openalex_gha_supplychain,OpenAlex,GitHub Actions workflow security software supply chain,year_from=2022; abstracts on,relevance,50,3151.0,50.0,recency filter later found to omit pre-2022 SAST literature
2_openalex_sweep1,lit_openalex_devsecops_slr,OpenAlex,DevSecOps systematic literature review challenges practices,year_from=2022; abstracts on,relevance,50,1553.0,50.0,recency filter later found to omit pre-2022 SAST literature
2_openalex_sweep1,lit_openalex_shift_left,OpenAlex,shift left security continuous integration adoption,year_from=2022; abstracts on,relevance,50,54501.0,50.0,recency filter later found to omit pre-2022 SAST literature
2_openalex_sweep1,lit_openalex_dast_api,OpenAlex,dynamic application security testing web API scanner evaluation,year_from=2022; abstracts on,relevance,50,3402.0,50.0,recency filter later found to omit pre-2022 SAST literature
3_pivot,pivot_event_injection_static,OpenAlex,serverless event injection static analysis taint,none,relevance,100,58.0,58.0,pivot after reviewing sweep 1
3_pivot,pivot_serverless_vuln_detect,OpenAlex,serverless application vulnerability detection static analysis event source,none,relevance,100,1458.0,100.0,pivot after reviewing sweep 1
3_pivot,pivot_lambda_static,OpenAlex,AWS Lambda function static analysis security vulnerabilities,none,relevance,100,789.0,100.0,pivot after reviewing sweep 1
3_pivot,pivot_nodejs_sast,OpenAlex,Node.js JavaScript static analysis security tools comparison vulnerability detection,none,relevance,100,699.0,100.0,pivot after reviewing sweep 1
3_pivot,pivot_cf_workers,OpenAlex,Cloudflare Workers security,none,relevance,100,710.0,100.0,pivot after reviewing sweep 1
3_pivot,pivot_event_driven_attack,OpenAlex,event-driven serverless injection attack trigger untrusted input,none,relevance,100,119.0,100.0,pivot after reviewing sweep 1
3_pivot,pivot_taint_source_modeling,OpenAlex,taint analysis source sink modeling framework-specific false negatives,none,relevance,100,2398.0,100.0,pivot after reviewing sweep 1
3_pivot,pivot_paired_benchmark,OpenAlex,paired vulnerable fixed benchmark static analyzers evaluation good bad,none,relevance,100,490.0,100.0,pivot after reviewing sweep 1
4_openalex_sweep2,lr_oa_A1,OpenAlex,DevSecOps pipeline security tools empirical evaluation,none (all years); abstracts on,relevance,150,1236.0,150.0,
4_openalex_sweep2,lr_oa_A2,OpenAlex,continuous integration security scanning overhead build time,none (all years); abstracts on,relevance,150,16067.0,150.0,
4_openalex_sweep2,lr_oa_A3,OpenAlex,security tools integration CI/CD pipeline empirical study practitioners,none (all years); abstracts on,relevance,150,2161.0,150.0,
4_openalex_sweep2,lr_oa_A4,OpenAlex,shift-left security testing automated pipeline effectiveness,none (all years); abstracts on,relevance,150,18157.0,150.0,
4_openalex_sweep2,lr_oa_B1,OpenAlex,static application security testing tools comparison vulnerability detection,none (all years); abstracts on,relevance,150,53096.0,150.0,
4_openalex_sweep2,lr_oa_B2,OpenAlex,static analysis security tools false negatives missed vulnerabilities reasons,none (all years); abstracts on,relevance,150,13588.0,150.0,
4_openalex_sweep2,lr_oa_B3,OpenAlex,combining multiple static analysis tools vulnerability detection complementary,none (all years); abstracts on,relevance,150,32737.0,150.0,
4_openalex_sweep2,lr_oa_B4,OpenAlex,software composition analysis tools comparison vulnerable dependencies,none (all years); abstracts on,relevance,150,35668.0,150.0,
4_openalex_sweep2,lr_oa_B5,OpenAlex,secret detection tools hardcoded credentials precision recall,none (all years); abstracts on,relevance,150,163.0,150.0,
4_openalex_sweep2,lr_oa_B6,OpenAlex,infrastructure as code security smells static analysis tools,none (all years); abstracts on,relevance,150,5256.0,150.0,
4_openalex_sweep2,lr_oa_B7,OpenAlex,web application vulnerability scanners dynamic testing evaluation,none (all years); abstracts on,relevance,150,14010.0,150.0,
4_openalex_sweep2,lr_oa_B8,OpenAlex,JavaScript Node.js taint analysis injection vulnerability detection,none (all years); abstracts on,relevance,150,163.0,150.0,
4_openalex_sweep2,lr_oa_B9,OpenAlex,benchmark ground truth evaluating static analyzers synthetic test cases,none (all years); abstracts on,relevance,150,1046.0,150.0,
4_openalex_sweep2,lr_oa_C1,OpenAlex,serverless application security static analysis data flow,none (all years); abstracts on,relevance,150,3212.0,150.0,
4_openalex_sweep2,lr_oa_C2,OpenAlex,serverless event injection attack function trigger,none (all years); abstracts on,relevance,150,662.0,150.0,
4_openalex_sweep2,lr_oa_C3,OpenAlex,serverless function vulnerabilities empirical study security,none (all years); abstracts on,relevance,150,1762.0,150.0,
4_openalex_sweep2,lr_oa_C4,OpenAlex,edge computing serverless isolate WebAssembly security,none (all years); abstracts on,relevance,150,155.0,150.0,
4_openalex_sweep2,lr_oa_C5,OpenAlex,Cloudflare Workers,none (all years); abstracts on,relevance,150,1088.0,150.0,
4_openalex_sweep2,lr_oa_D1,OpenAlex,taint specification sources sinks framework modeling static analysis,none (all years); abstracts on,relevance,150,1044.0,150.0,
4_openalex_sweep2,lr_oa_D2,OpenAlex,paired vulnerable and patched code benchmark static analysis evaluation,none (all years); abstracts on,relevance,150,6503.0,150.0,
4_openalex_sweep2,lr_oa_E1,OpenAlex,GitHub Actions workflow security vulnerabilities,none (all years); abstracts on,relevance,150,7670.0,150.0,
4_openalex_sweep2,lr_oa_E2,OpenAlex,CI/CD pipeline security threats software supply chain attack,none (all years); abstracts on,relevance,150,1690.0,150.0,
5_edge_serverless_openalex,lr_oa2_F1,OpenAlex,edge computing architecture survey,none (all years); abstracts on,relevance,150,420634.0,150.0,edge queries: 44% of edge-strand candidates were MEC/5G/IoT
5_edge_serverless_openalex,lr_oa2_F2,OpenAlex,edge computing platforms function execution CDN edge functions,none (all years); abstracts on,relevance,150,2202.0,150.0,edge queries: 44% of edge-strand candidates were MEC/5G/IoT
5_edge_serverless_openalex,lr_oa2_F3,OpenAlex,edge computing security threats challenges survey,none (all years); abstracts on,relevance,150,102047.0,150.0,edge queries: 44% of edge-strand candidates were MEC/5G/IoT
5_edge_serverless_openalex,lr_oa2_F4,OpenAlex,edge computing software deployment continuous delivery DevOps,none (all years); abstracts on,relevance,150,4251.0,150.0,edge queries: 44% of edge-strand candidates were MEC/5G/IoT
5_edge_serverless_openalex,lr_oa2_F5,OpenAlex,WebAssembly edge serverless runtime isolation performance,none (all years); abstracts on,relevance,150,252.0,150.0,edge queries: 44% of edge-strand candidates were MEC/5G/IoT
5_edge_serverless_openalex,lr_oa2_F6,OpenAlex,V8 isolates lightweight isolation serverless cold start,none (all years); abstracts on,relevance,150,27.0,27.0,edge queries: 44% of edge-strand candidates were MEC/5G/IoT
5_edge_serverless_openalex,lr_oa2_G1,OpenAlex,serverless computing survey architecture function-as-a-service,none (all years); abstracts on,relevance,150,7584.0,150.0,edge queries: 44% of edge-strand candidates were MEC/5G/IoT
5_edge_serverless_openalex,lr_oa2_G2,OpenAlex,serverless architecture design patterns event-driven,none (all years); abstracts on,relevance,150,6471.0,150.0,edge queries: 44% of edge-strand candidates were MEC/5G/IoT
5_edge_serverless_openalex,lr_oa2_G3,OpenAlex,serverless application development challenges empirical study developers,none (all years); abstracts on,relevance,150,2446.0,150.0,edge queries: 44% of edge-strand candidates were MEC/5G/IoT
5_edge_serverless_openalex,lr_oa2_G4,OpenAlex,serverless platform comparison AWS Lambda Azure Functions Google Cloud Functions,none (all years); abstracts on,relevance,150,1329.0,150.0,edge queries: 44% of edge-strand candidates were MEC/5G/IoT
5_edge_serverless_openalex,lr_oa2_G5,OpenAlex,function-as-a-service event triggers queue storage cron webhook,none (all years); abstracts on,relevance,150,39.0,39.0,edge queries: 44% of edge-strand candidates were MEC/5G/IoT
5_edge_serverless_openalex,lr_oa2_G6,OpenAlex,serverless application testing deployment CI/CD,none (all years); abstracts on,relevance,150,2197.0,150.0,edge queries: 44% of edge-strand candidates were MEC/5G/IoT
5_edge_serverless_openalex,lr_oa2_G7,OpenAlex,serverless security vulnerabilities attacks defenses survey,none (all years); abstracts on,relevance,150,1221.0,150.0,edge queries: 44% of edge-strand candidates were MEC/5G/IoT
5_edge_serverless_openalex,lr_oa2_G8,OpenAlex,serverless microservices monolith migration architecture,none (all years); abstracts on,relevance,150,362.0,150.0,edge queries: 44% of edge-strand candidates were MEC/5G/IoT
4_arxiv_sweep2,lr_ax_xA,arXiv,"abs:DevSecOps OR (abs:""CI/CD"" AND abs:security AND abs:tool*)",none,relevance,100,59.0,59.0,
4_arxiv_sweep2,lr_ax_xB1,arXiv,"abs:""static analysis"" AND abs:vulnerabilit* AND (abs:benchmark OR abs:comparison OR abs:evaluation) AND abs:tools",none,relevance,100,0.0,0.0,
4_arxiv_sweep2,lr_ax_xB2,arXiv,"(abs:""secret detection"" OR abs:""secret scanning"" OR abs:""hardcoded credentials"")",none,relevance,100,16.0,16.0,
4_arxiv_sweep2,lr_ax_xB3,arXiv,"abs:""infrastructure as code"" AND abs:security",none,relevance,100,43.0,43.0,
4_arxiv_sweep2,lr_ax_xB4,arXiv,abs:JavaScript AND abs:taint,none,relevance,100,22.0,22.0,
4_arxiv_sweep2,lr_ax_xC1,arXiv,abs:serverless AND abs:security,none,relevance,100,69.0,69.0,
4_arxiv_sweep2,lr_ax_xC2,arXiv,(abs:WebAssembly OR abs:isolate*) AND abs:edge AND abs:security,none,relevance,100,9.0,9.0,
4_arxiv_sweep2,lr_ax_xE,arXiv,"abs:""GitHub Actions"" AND abs:security",none,relevance,100,15.0,15.0,
5_edge_serverless_arxiv,lr_ax2_xF1,arXiv,"abs:""edge computing"" AND (abs:survey OR abs:architecture OR abs:platform)",none,relevance,100,1154.0,100.0,
5_edge_serverless_arxiv,lr_ax2_xF2,arXiv,"abs:""edge computing"" AND abs:security",none,relevance,100,403.0,100.0,
5_edge_serverless_arxiv,lr_ax2_xF3,arXiv,"(abs:""edge functions"" OR abs:""edge workers"" OR abs:""Cloudflare Workers"")",none,relevance,100,96.0,96.0,
5_edge_serverless_arxiv,lr_ax2_xG1,arXiv,"abs:serverless AND (abs:survey OR abs:architecture OR abs:""function-as-a-service"")",none,relevance,100,300.0,100.0,
5_edge_serverless_arxiv,lr_ax2_xG2,arXiv,"abs:serverless AND abs:""event-driven""",none,relevance,100,46.0,46.0,
5_edge_serverless_arxiv,lr_ax2_xG3,arXiv,"abs:serverless AND abs:""static analysis""",none,relevance,100,3.0,3.0,
5_edge_serverless_arxiv,lr_ax2_xG4,arXiv,abs:FaaS AND abs:vulnerabilit*,none,relevance,100,0.0,0.0,
5_edge_serverless_arxiv,lr_ax2_xB1r,arXiv,"abs:""static analysis"" AND abs:vulnerability AND abs:benchmark",none,relevance,100,59.0,59.0,
5_edge_serverless_arxiv,lr_ax2_xB1r2,arXiv,abs:SAST AND abs:comparison,none,relevance,100,4.0,4.0,
6_method_ecosystem,lr_method_M01,OpenAlex,Shapley value attribution of component contributions in ensemble software engineering,none (all years); abstracts on,relevance,60,3043.0,60.0,long natural-language queries: mostly irrelevant medical/climate noise; M12-M15 = Hono/D1/Prisma/wrangler
6_method_ecosystem,lr_method_M02,OpenAlex,Shapley value contribution of each tool when combining vulnerability detection tools,none (all years); abstracts on,relevance,60,6718.0,60.0,long natural-language queries: mostly irrelevant medical/climate noise; M12-M15 = Hono/D1/Prisma/wrangler
6_method_ecosystem,lr_method_M03,OpenAlex,McNemar test paired binary outcomes comparing classifiers software engineering,none (all years); abstracts on,relevance,60,510.0,60.0,long natural-language queries: mostly irrelevant medical/climate noise; M12-M15 = Hono/D1/Prisma/wrangler
6_method_ecosystem,lr_method_M04,OpenAlex,statistical tests empirical software engineering guidelines effect size nonparametric,none (all years); abstracts on,relevance,60,7946.0,60.0,long natural-language queries: mostly irrelevant medical/climate noise; M12-M15 = Hono/D1/Prisma/wrangler
6_method_ecosystem,lr_method_M05,OpenAlex,statistical power sample size small samples empirical software engineering,none (all years); abstracts on,relevance,60,225417.0,60.0,long natural-language queries: mostly irrelevant medical/climate noise; M12-M15 = Hono/D1/Prisma/wrangler
6_method_ecosystem,lr_method_M06,OpenAlex,automated vulnerability injection synthetic vulnerabilities benchmark static analysis evaluation,none (all years); abstracts on,relevance,60,4355.0,60.0,long natural-language queries: mostly irrelevant medical/climate noise; M12-M15 = Hono/D1/Prisma/wrangler
6_method_ecosystem,lr_method_M07,OpenAlex,Juliet test suite OWASP Benchmark evaluating static application security testing tools,none (all years); abstracts on,relevance,60,96.0,60.0,long natural-language queries: mostly irrelevant medical/climate noise; M12-M15 = Hono/D1/Prisma/wrangler
6_method_ecosystem,lr_method_M08,OpenAlex,performance variability cloud continuous integration build time GitHub Actions runners,none (all years); abstracts on,relevance,60,154.0,60.0,long natural-language queries: mostly irrelevant medical/climate noise; M12-M15 = Hono/D1/Prisma/wrangler
6_method_ecosystem,lr_method_M09,OpenAlex,benchmarking in the cloud performance variability repeated measurements methodology,none (all years); abstracts on,relevance,60,16289.0,60.0,long natural-language queries: mostly irrelevant medical/climate noise; M12-M15 = Hono/D1/Prisma/wrangler
6_method_ecosystem,lr_method_M10,OpenAlex,OpenAPI REST API security testing tools evaluation,none (all years); abstracts on,relevance,60,1116.0,60.0,long natural-language queries: mostly irrelevant medical/climate noise; M12-M15 = Hono/D1/Prisma/wrangler
6_method_ecosystem,lr_method_M11,OpenAlex,actionable alert identification static analysis warnings false positives,none (all years); abstracts on,relevance,60,2647.0,60.0,long natural-language queries: mostly irrelevant medical/climate noise; M12-M15 = Hono/D1/Prisma/wrangler
6_method_ecosystem,lr_method_M12,OpenAlex,Hono web framework JavaScript Cloudflare Workers,none (all years); abstracts on,relevance,60,3.0,3.0,long natural-language queries: mostly irrelevant medical/climate noise; M12-M15 = Hono/D1/Prisma/wrangler
6_method_ecosystem,lr_method_M13,OpenAlex,Cloudflare D1 SQLite serverless edge database,none (all years); abstracts on,relevance,60,4.0,4.0,long natural-language queries: mostly irrelevant medical/climate noise; M12-M15 = Hono/D1/Prisma/wrangler
6_method_ecosystem,lr_method_M14,OpenAlex,Prisma ORM raw query SQL injection Node.js,none (all years); abstracts on,relevance,60,7.0,7.0,long natural-language queries: mostly irrelevant medical/climate noise; M12-M15 = Hono/D1/Prisma/wrangler
6_method_ecosystem,lr_method_M15,OpenAlex,wrangler configuration Cloudflare Workers deployment misconfiguration,none (all years); abstracts on,relevance,60,0.0,0.0,long natural-language queries: mostly irrelevant medical/climate noise; M12-M15 = Hono/D1/Prisma/wrangler
6_method_ecosystem,lr_method_M16,OpenAlex,SQL injection prepared statements JavaScript Node.js vulnerability detection,none (all years); abstracts on,relevance,60,55.0,55.0,long natural-language queries: mostly irrelevant medical/climate noise; M12-M15 = Hono/D1/Prisma/wrangler
6_method_ecosystem,lr_method_M17,OpenAlex,broken object level authorization API security testing,none (all years); abstracts on,relevance,60,3110.0,60.0,long natural-language queries: mostly irrelevant medical/climate noise; M12-M15 = Hono/D1/Prisma/wrangler
6_method_ecosystem,lr_method_M18,OpenAlex,CORS misconfiguration wildcard origin credentials empirical study,none (all years); abstracts on,relevance,60,18.0,18.0,long natural-language queries: mostly irrelevant medical/climate noise; M12-M15 = Hono/D1/Prisma/wrangler
6_method_ecosystem,lr_method_M19,OpenAlex,combining static analysis tools improves vulnerability detection union of tools complementary,none (all years); abstracts on,relevance,60,8328.0,60.0,long natural-language queries: mostly irrelevant medical/climate noise; M12-M15 = Hono/D1/Prisma/wrangler
6_method_ecosystem,lr_method_M20,OpenAlex,vulnerability discovery techniques efficiency effectiveness comparison penetration testing static analysis,none (all years); abstracts on,relevance,60,4071.0,60.0,long natural-language queries: mostly irrelevant medical/climate noise; M12-M15 = Hono/D1/Prisma/wrangler
7_method_venue,mv_Shapley_value_Empirical_Software_Enginee,OpenAlex,Shapley value,venue restricted: Empirical Software Engineering,relevance,≤60,14.0,14.0,short query restricted to an SE journal
7_method_venue,mv_Shapley_value_IEEE_Transactions_on_Softw,OpenAlex,Shapley value,venue restricted: IEEE Transactions on Software Engineering,relevance,≤60,1.0,1.0,short query restricted to an SE journal
7_method_venue,mv_Shapley_value_Information_and_Software_T,OpenAlex,Shapley value,venue restricted: Information and Software Technology,relevance,≤60,5.0,5.0,short query restricted to an SE journal
7_method_venue,mv_Shapley_value_Journal_of_Systems_and_Sof,OpenAlex,Shapley value,venue restricted: Journal of Systems and Software,relevance,≤60,7.0,7.0,short query restricted to an SE journal
7_method_venue,mv_Shapley_value_ACM_Transactions_on_Softwa,OpenAlex,Shapley value,venue restricted: ACM Transactions on Software Engineering and Methodology,relevance,≤60,13.0,13.0,short query restricted to an SE journal
7_method_venue,mv_McNemar_test_Empirical_Software_Engineer,OpenAlex,McNemar test,venue restricted: Empirical Software Engineering,relevance,≤60,9.0,9.0,short query restricted to an SE journal
7_method_venue,mv_McNemar_test_IEEE_Transactions_on_Softwa,OpenAlex,McNemar test,venue restricted: IEEE Transactions on Software Engineering,relevance,≤60,2.0,2.0,short query restricted to an SE journal
7_method_venue,mv_McNemar_test_Information_and_Software_Te,OpenAlex,McNemar test,venue restricted: Information and Software Technology,relevance,≤60,0.0,0.0,short query restricted to an SE journal
7_method_venue,mv_McNemar_test_Journal_of_Systems_and_Soft,OpenAlex,McNemar test,venue restricted: Journal of Systems and Software,relevance,≤60,2.0,2.0,short query restricted to an SE journal
7_method_venue,mv_McNemar_test_ACM_Transactions_on_Softwar,OpenAlex,McNemar test,venue restricted: ACM Transactions on Software Engineering and Methodology,relevance,≤60,4.0,4.0,short query restricted to an SE journal
7_method_venue,mv_statistical_power_effect_size_Empirical_,OpenAlex,statistical power effect size,venue restricted: Empirical Software Engineering,relevance,≤60,233.0,15.0,short query restricted to an SE journal
7_method_venue,mv_statistical_power_effect_size_IEEE_Trans,OpenAlex,statistical power effect size,venue restricted: IEEE Transactions on Software Engineering,relevance,≤60,98.0,15.0,short query restricted to an SE journal
7_method_venue,mv_statistical_power_effect_size_Informatio,OpenAlex,statistical power effect size,venue restricted: Information and Software Technology,relevance,≤60,107.0,15.0,short query restricted to an SE journal
7_method_venue,mv_statistical_power_effect_size_Journal_of,OpenAlex,statistical power effect size,venue restricted: Journal of Systems and Software,relevance,≤60,136.0,15.0,short query restricted to an SE journal
7_method_venue,mv_statistical_power_effect_size_ACM_Transa,OpenAlex,statistical power effect size,venue restricted: ACM Transactions on Software Engineering and Methodology,relevance,≤60,142.0,15.0,short query restricted to an SE journal
7_method_venue,mv_performance_variability_cloud_benchmarki,OpenAlex,performance variability cloud benchmarking,venue restricted: Empirical Software Engineering,relevance,≤60,49.0,15.0,short query restricted to an SE journal
7_method_venue,mv_performance_variability_cloud_benchmarki,OpenAlex,performance variability cloud benchmarking,venue restricted: IEEE Transactions on Software Engineering,relevance,≤60,22.0,15.0,short query restricted to an SE journal
7_method_venue,mv_performance_variability_cloud_benchmarki,OpenAlex,performance variability cloud benchmarking,venue restricted: Information and Software Technology,relevance,≤60,11.0,11.0,short query restricted to an SE journal
7_method_venue,mv_performance_variability_cloud_benchmarki,OpenAlex,performance variability cloud benchmarking,venue restricted: Journal of Systems and Software,relevance,≤60,30.0,15.0,short query restricted to an SE journal
7_method_venue,mv_performance_variability_cloud_benchmarki,OpenAlex,performance variability cloud benchmarking,venue restricted: ACM Transactions on Software Engineering and Methodology,relevance,≤60,38.0,15.0,short query restricted to an SE journal
7_method_venue,mv_vulnerability_injection_benchmark_Empiri,OpenAlex,vulnerability injection benchmark,venue restricted: Empirical Software Engineering,relevance,≤60,39.0,15.0,short query restricted to an SE journal
7_method_venue,mv_vulnerability_injection_benchmark_IEEE_T,OpenAlex,vulnerability injection benchmark,venue restricted: IEEE Transactions on Software Engineering,relevance,≤60,22.0,15.0,short query restricted to an SE journal
7_method_venue,mv_vulnerability_injection_benchmark_Inform,OpenAlex,vulnerability injection benchmark,venue restricted: Information and Software Technology,relevance,≤60,8.0,8.0,short query restricted to an SE journal
7_method_venue,mv_vulnerability_injection_benchmark_Journa,OpenAlex,vulnerability injection benchmark,venue restricted: Journal of Systems and Software,relevance,≤60,21.0,15.0,short query restricted to an SE journal
7_method_venue,mv_vulnerability_injection_benchmark_ACM_Tr,OpenAlex,vulnerability injection benchmark,venue restricted: ACM Transactions on Software Engineering and Methodology,relevance,≤60,43.0,15.0,short query restricted to an SE journal
8_snowball,snowball_seeds,OpenAlex (references + cited-by),67 seed works (core and near-core studies identified in earlier passes); OpenAlex references + cited-by per seed,none,,all,2643.0,2268.0,"42 of 67 seeds returned >=1 neighbour; 25 returned none (cause not checked); 2,268 neighbour records retained; 1,918 distinct non-seed works; 1,707 not in the earlier pool; FaaSGuard neighbours (24 refs, 3 citers) fetched by a separate retry and NOT merged into these counts"
9_title_lookup,title_lookup,OpenAlex,"24 exact-title lookups for known classics (Berkeley view, Rise of Serverless, etc.)",none,relevance,,,24.0,
